,kmeans,gmm,hdbscan
kmeans,1.0,0.4737746740439181,0.5336092319830077
gmm,0.4737746740439181,1.0,0.9030752925174566
hdbscan,0.5336092319830077,0.9030752925174566,1.0
