,kmeans,gmm,hdbscan
kmeans,1.0,0.39273983563719767,0.8301384581413289
gmm,0.39273983563719767,1.0,0.3369500354120416
hdbscan,0.8301384581413289,0.3369500354120416,1.0
