,kmeans,gmm,hdbscan
kmeans,1.0,0.901528541348682,0.04225079164108811
gmm,0.901528541348682,1.0,0.10795275613899438
hdbscan,0.04225079164108811,0.10795275613899438,1.0
