,kmeans,gmm,hdbscan
kmeans,1.0,0.4928269138891281,0.803849720824102
gmm,0.4928269138891281,1.0,0.6448503372086479
hdbscan,0.803849720824102,0.6448503372086479,1.0
