,kmeans,gmm,hdbscan
kmeans,1.0,0.1401650842203196,0.37243034698343075
gmm,0.1401650842203196,1.0,0.45244885368402765
hdbscan,0.37243034698343075,0.45244885368402765,1.0
