,kmeans,gmm,hdbscan
kmeans,1.0,-0.02178636816284114,0.034845917571870284
gmm,-0.02178636816284114,1.0,0.323240109110817
hdbscan,0.034845917571870284,0.323240109110817,1.0
