,kmeans,gmm,hdbscan
kmeans,1.0,0.04706470305000384,0.21703620606061058
gmm,0.04706470305000384,1.0,0.20468905021185577
hdbscan,0.21703620606061058,0.20468905021185577,1.0
