,kmeans,gmm,hdbscan
kmeans,1.0,0.4161875686396122,0.502664846496565
gmm,0.4161875686396122,1.0,0.48094619658597815
hdbscan,0.502664846496565,0.48094619658597815,1.0
