,kmeans,gmm,hdbscan
kmeans,1.0,0.9181988477030538,0.9052566371790075
gmm,0.9181988477030538,1.0,0.8481861943570187
hdbscan,0.9052566371790075,0.8481861943570187,1.0
