,kmeans,gmm,hdbscan
kmeans,1.0,0.8378982938379171,0.39372733218345357
gmm,0.8378982938379171,1.0,0.494049631324568
hdbscan,0.39372733218345357,0.494049631324568,1.0
